{
  "IcoMoonType": "selection",
  "icons": [
    {
      "icon": {
        "paths": [
          "M845.653 115.386h-667.307c-51.37 0-93.013 39.652-93.013 88.564v635.393c0 48.913 41.644 88.563 93.013 88.563h667.307c51.371 0 93.013-39.65 93.013-88.563v-635.393c0-48.913-41.643-88.564-93.013-88.564z",
          "M298.667 115.386v812.521",
          "M725.333 115.386v812.521",
          "M85.333 521.647h853.333",
          "M85.333 318.516h213.333",
          "M85.333 724.774h213.333",
          "M725.333 724.774h213.333",
          "M725.333 318.516h213.333"
        ],
        "attrs": [
          {
            "fill": "none",
            "strokeLinejoin": "round",
            "strokeLinecap": "round",
            "strokeMiterlimit": "4",
            "strokeWidth": 85.33333333333333
          },
          {
            "fill": "none",
            "strokeLinejoin": "round",
            "strokeLinecap": "round",
            "strokeMiterlimit": "4",
            "strokeWidth": 85.33333333333333
          },
          {
            "fill": "none",
            "strokeLinejoin": "round",
            "strokeLinecap": "round",
            "strokeMiterlimit": "4",
            "strokeWidth": 85.33333333333333
          },
          {
            "fill": "none",
            "strokeLinejoin": "round",
            "strokeLinecap": "round",
            "strokeMiterlimit": "4",
            "strokeWidth": 85.33333333333333
          },
          {
            "fill": "none",
            "strokeLinejoin": "round",
            "strokeLinecap": "round",
            "strokeMiterlimit": "4",
            "strokeWidth": 85.33333333333333
          },
          {
            "fill": "none",
            "strokeLinejoin": "round",
            "strokeLinecap": "round",
            "strokeMiterlimit": "4",
            "strokeWidth": 85.33333333333333
          },
          {
            "fill": "none",
            "strokeLinejoin": "round",
            "strokeLinecap": "round",
            "strokeMiterlimit": "4",
            "strokeWidth": 85.33333333333333
          },
          {
            "fill": "none",
            "strokeLinejoin": "round",
            "strokeLinecap": "round",
            "strokeMiterlimit": "4",
            "strokeWidth": 85.33333333333333
          }
        ],
        "grid": 0,
        "tags": [
          "film"
        ]
      },
      "attrs": [
        {
          "fill": "none",
          "strokeLinejoin": "round",
          "strokeLinecap": "round",
          "strokeMiterlimit": "4",
          "strokeWidth": 85.33333333333333
        },
        {
          "fill": "none",
          "strokeLinejoin": "round",
          "strokeLinecap": "round",
          "strokeMiterlimit": "4",
          "strokeWidth": 85.33333333333333
        },
        {
          "fill": "none",
          "strokeLinejoin": "round",
          "strokeLinecap": "round",
          "strokeMiterlimit": "4",
          "strokeWidth": 85.33333333333333
        },
        {
          "fill": "none",
          "strokeLinejoin": "round",
          "strokeLinecap": "round",
          "strokeMiterlimit": "4",
          "strokeWidth": 85.33333333333333
        },
        {
          "fill": "none",
          "strokeLinejoin": "round",
          "strokeLinecap": "round",
          "strokeMiterlimit": "4",
          "strokeWidth": 85.33333333333333
        },
        {
          "fill": "none",
          "strokeLinejoin": "round",
          "strokeLinecap": "round",
          "strokeMiterlimit": "4",
          "strokeWidth": 85.33333333333333
        },
        {
          "fill": "none",
          "strokeLinejoin": "round",
          "strokeLinecap": "round",
          "strokeMiterlimit": "4",
          "strokeWidth": 85.33333333333333
        },
        {
          "fill": "none",
          "strokeLinejoin": "round",
          "strokeLinecap": "round",
          "strokeMiterlimit": "4",
          "strokeWidth": 85.33333333333333
        }
      ],
      "properties": {
        "order": 21,
        "id": 2,
        "name": "film",
        "prevSize": 32
      },
      "setIdx": 0,
      "setId": 13,
      "iconIdx": 0
    },
    {
      "icon": {
        "paths": [
          "M551.385 1014.548l-77.194-77.194c-286.72-253.637-474.191-424.566-474.191-634.092 0-170.929 132.332-303.262 303.262-303.262 93.735 0 187.471 44.111 248.123 115.791 60.652-71.68 154.388-115.791 248.123-115.791 170.929 0 303.262 132.332 303.262 303.262 0 209.526-187.471 380.455-474.191 634.092l-77.194 77.194z"
        ],
        "attrs": [],
        "width": 1103,
        "grid": 0,
        "tags": [
          "love"
        ]
      },
      "attrs": [],
      "properties": {
        "order": 22,
        "id": 1,
        "name": "love",
        "prevSize": 32
      },
      "setIdx": 0,
      "setId": 13,
      "iconIdx": 1
    },
    {
      "icon": {
        "paths": [
          "M469.333 810.667c188.513 0 341.333-152.82 341.333-341.333s-152.82-341.333-341.333-341.333c-188.513 0-341.333 152.82-341.333 341.333s152.82 341.333 341.333 341.333z",
          "M896 896.017l-185.604-185.6"
        ],
        "attrs": [
          {
            "fill": "none",
            "strokeLinejoin": "round",
            "strokeLinecap": "round",
            "strokeMiterlimit": "4",
            "strokeWidth": 85.33333333333333
          },
          {
            "fill": "none",
            "strokeLinejoin": "round",
            "strokeLinecap": "round",
            "strokeMiterlimit": "4",
            "strokeWidth": 85.33333333333333
          }
        ],
        "grid": 0,
        "tags": [
          "search 2"
        ]
      },
      "attrs": [
        {
          "fill": "none",
          "strokeLinejoin": "round",
          "strokeLinecap": "round",
          "strokeMiterlimit": "4",
          "strokeWidth": 85.33333333333333
        },
        {
          "fill": "none",
          "strokeLinejoin": "round",
          "strokeLinecap": "round",
          "strokeMiterlimit": "4",
          "strokeWidth": 85.33333333333333
        }
      ],
      "properties": {
        "order": 23,
        "id": 0,
        "name": "search-2",
        "prevSize": 32
      },
      "setIdx": 0,
      "setId": 13,
      "iconIdx": 2
    }
  ],
  "height": 1024,
  "preferences": {
    "showGlyphs": true,
    "showQuickUse": true,
    "showQuickUse2": true,
    "showSVGs": true,
    "fontPref": {
      "prefix": "icon-",
      "metadata": {
        "fontFamily": "icomoon"
      },
      "metrics": {
        "emSize": 1024,
        "baseline": 6.25,
        "whitespace": 50
      },
      "embed": false
    },
    "imagePref": {
      "prefix": "icon-",
      "png": true,
      "useClassSelector": true,
      "color": 0,
      "bgColor": 16777215,
      "classSelector": ".icon",
      "name": "icomoon",
      "height": 32,
      "columns": 16,
      "margin": 16
    },
    "historySize": 50,
    "showCodes": true,
    "gridSize": 16
  }
}